path,title,type,audience,disposition,reason
"docs/AUTHORS.md","Authors","unspecified","unspecified","DELETE","redundant root narrative or metadata duplication"
"docs/CONTRACT.md","Docs Contract","unspecified","unspecified","MERGE","consolidate into canonical section pages"
"docs/OWNERS.md","Docs Owners","unspecified","unspecified","MERGE","consolidate into canonical section pages"
"docs/PROJECT_DESCRIPTION_SNIPPET.md","Project Description Snippet","unspecified","unspecified","DELETE","redundant root narrative or metadata duplication"
"docs/PROJECT_IDENTITY.md","Project Identity","unspecified","unspecified","DELETE","redundant root narrative or metadata duplication"
"docs/_assets/INDEX.md","Assets Index","unspecified","unspecified","MERGE","replace uppercase index with lowercase index.md where retained"
"docs/_assets/README.md","Assets Policy","policy  ","unspecified","MERGE","consolidate into canonical section pages"
"docs/_assets/diagrams/INDEX.md","Diagrams","unspecified","unspecified","MERGE","replace uppercase index with lowercase index.md where retained"
"docs/_drafts/INDEX.md","Drafts Index","unspecified","unspecified","DRAFT","quarantined content with expiry"
"docs/_drafts/README.md","Draft Quarantine Policy","policy  ","unspecified","DRAFT","quarantined content with expiry"
"docs/_drafts/transcripts-canonical-policy.md","Canonical Transcript Policy (v2 Placeholder)","unspecified","unspecified","DRAFT","quarantined content with expiry"
"docs/_generated/concept-registry.md","Concept Registry","unspecified","unspecified","KEEP","generated output surface"
"docs/_generated/crate-doc-api-table.md","Crate Public API Table","unspecified","unspecified","KEEP","generated output surface"
"docs/_generated/crate-doc-governance.md","Crate Docs Governance","unspecified","unspecified","KEEP","generated output surface"
"docs/_generated/docs-inventory.md","Docs Inventory","unspecified","unspecified","KEEP","generated output surface"
"docs/_generated/make-targets.md","Generated Make Targets","unspecified","unspecified","KEEP","generated output surface"
"docs/_generated/topic-index.md","Topic Index","unspecified","unspecified","KEEP","generated output surface"
"docs/_lint/INDEX.md","_Lint Index","unspecified","unspecified","MERGE","replace uppercase index with lowercase index.md where retained"
"docs/_lint/duplicate-topics.md","Duplicate Topics Checklist","unspecified","unspecified","MERGE","consolidate into canonical section pages"
"docs/_lint/observability-docs.md","Observability Docs Checklist","unspecified","unspecified","MERGE","consolidate into canonical section pages"
"docs/_lint/renames.md","Rename Ledger","unspecified","unspecified","MERGE","consolidate into canonical section pages"
"docs/_nav/INDEX.md","Legacy Navigation Freeze","policy  ","unspecified","DELETE","legacy navigation system frozen and replaced"
"docs/_style/CONCEPT_REGISTRY.md","Concept Registry","unspecified","unspecified","MERGE","policy content to consolidate under governance"
"docs/_style/DEPTH_POLICY.md","Depth Policy","unspecified","unspecified","MERGE","policy content to consolidate under governance"
"docs/_style/DEPTH_RUBRIC.md","Depth Rubric","unspecified","unspecified","MERGE","policy content to consolidate under governance"
"docs/_style/INDEX.md","_Style Index","unspecified","unspecified","MERGE","policy content to consolidate under governance"
"docs/_style/concept-ids.md","Canonical Concept IDs","unspecified","unspecified","MERGE","policy content to consolidate under governance"
"docs/_style/crate-docs-depth-rubric.md","Crate Docs Depth Rubric","unspecified","unspecified","MERGE","policy content to consolidate under governance"
"docs/_style/docs-removal-policy.md","Docs Removal Policy","unspecified","unspecified","MERGE","policy content to consolidate under governance"
"docs/_style/docs-review-checklist.md","Docs Review Checklist","unspecified","unspecified","MERGE","policy content to consolidate under governance"
"docs/_style/naming-standard.md","Naming Standard","unspecified","unspecified","MERGE","policy content to consolidate under governance"
"docs/_style/placement.md","Placement Decision Tree","unspecified","unspecified","MERGE","policy content to consolidate under governance"
"docs/_style/stability-levels.md","Stability Levels","unspecified","unspecified","MERGE","policy content to consolidate under governance"
"docs/_style/structure-templates.md","Structure Templates","unspecified","unspecified","MERGE","policy content to consolidate under governance"
"docs/_style/style-guide.md","Style Guide","unspecified","unspecified","MERGE","policy content to consolidate under governance"
"docs/_style/terms-glossary.md","Terms Glossary","unspecified","unspecified","MERGE","policy content to consolidate under governance"
"docs/_style/writing-rules.md","Writing Rules","unspecified","unspecified","MERGE","policy content to consolidate under governance"
"docs/adrs/ADR-0001-workspace-boundaries-and-effects.md","ADR-0001: Workspace Boundaries And Effects","unspecified","unspecified","MERGE","move under governance/adrs canonical location"
"docs/adrs/ADR-0002-sqlite-serving-store.md","ADR-0002: SQLite As Canonical Serving Store","unspecified","unspecified","MERGE","move under governance/adrs canonical location"
"docs/adrs/ADR-0003-federated-registry-deterministic-merge.md","ADR-0003: Federated Registry With Deterministic Merge","unspecified","unspecified","MERGE","move under governance/adrs canonical location"
"docs/adrs/ADR-0004-plugin-contract-and-umbrella-dispatch.md","ADR-0004: Plugin Contract And Umbrella Dispatch","unspecified","unspecified","MERGE","move under governance/adrs canonical location"
"docs/adrs/ADR-0005-security-defaults-and-enterprise-controls.md","ADR-0005: Security Defaults And Optional Enterprise Controls","unspecified","unspecified","MERGE","move under governance/adrs canonical location"
"docs/adrs/INDEX.md","ADR Index","unspecified","unspecified","MERGE","move under governance/adrs canonical location"
"docs/api/caching.md","API Caching","unspecified","unspecified","MERGE","consolidate into canonical section pages"
"docs/api/compatibility.md","API Compatibility","unspecified","unspecified","MERGE","consolidate into canonical section pages"
"docs/api/default-field-set.md","Default Field Set (`/v1/genes`)","unspecified","unspecified","MERGE","consolidate into canonical section pages"
"docs/api/deprecation.md","API Deprecation","unspecified","unspecified","MERGE","consolidate into canonical section pages"
"docs/api/errors.md","API Errors","unspecified","unspecified","MERGE","consolidate into canonical section pages"
"docs/api/index.md","API","guide  ","unspecified","KEEP","canonical section entrypoint"
"docs/api/pagination.md","API Pagination","unspecified","unspecified","MERGE","consolidate into canonical section pages"
"docs/api/v1-surface.md","V1 API Surface","unspecified","unspecified","MERGE","consolidate into canonical section pages"
"docs/api/v2-plan.md","API v2 Plan (Stub)","unspecified","unspecified","MERGE","consolidate into canonical section pages"
"docs/api/versioning.md","API Versioning","unspecified","unspecified","MERGE","consolidate into canonical section pages"
"docs/architecture/architecture-map.md","Architecture Map","unspecified","unspecified","MERGE","consolidate into canonical section pages"
"docs/architecture/backend-architecture.md","Backend Architecture","unspecified","unspecified","MERGE","consolidate into canonical section pages"
"docs/architecture/boundaries.md","Bijux Atlas Crate Boundaries","unspecified","unspecified","MERGE","consolidate into canonical section pages"
"docs/architecture/boundary-maps.md","Effects Boundary Maps","unspecified","unspecified","MERGE","consolidate into canonical section pages"
"docs/architecture/build-serve-split.md","Build/Serve Split","unspecified","unspecified","MERGE","consolidate into canonical section pages"
"docs/architecture/cache-manager.md","Cache Manager Contract","unspecified","unspecified","MERGE","consolidate into canonical section pages"
"docs/architecture/component-responsibilities.md","Component Responsibilities","unspecified","unspecified","MERGE","consolidate into canonical section pages"
"docs/architecture/crate-boundary-dependency-graph.md","Crate Boundary Dependency Graph","unspecified","unspecified","MERGE","consolidate into canonical section pages"
"docs/architecture/crate-layout-contract.md","Crate Layout Contract","unspecified","unspecified","MERGE","consolidate into canonical section pages"
"docs/architecture/data-access-patterns.md","Data Access Patterns","unspecified","unspecified","MERGE","consolidate into canonical section pages"
"docs/architecture/decision-template.md","Decision Template","unspecified","unspecified","MERGE","consolidate into canonical section pages"
"docs/architecture/effects.md","Effects And Boundaries","unspecified","unspecified","MERGE","consolidate into canonical section pages"
"docs/architecture/index.md","Architecture","concept  ","unspecified","KEEP","canonical section entrypoint"
"docs/architecture/layering/INDEX.md","Layering Architecture","unspecified","unspecified","MERGE","replace uppercase index with lowercase index.md where retained"
"docs/architecture/layering/boundary-rules.md","Layer Boundary Rules","unspecified","unspecified","MERGE","consolidate into canonical section pages"
"docs/architecture/layering/no-layer-fixups.md","Layer Rule: No Cross-Layer Fixups","unspecified","unspecified","MERGE","consolidate into canonical section pages"
"docs/architecture/layout-shell-migration.md","Layout shell-to-python transition checklist","unspecified","unspecified","MERGE","consolidate into canonical section pages"
"docs/architecture/no-layer-fixups.md","No Layer Fixups Addendum","unspecified","unspecified","MERGE","consolidate into canonical section pages"
"docs/architecture/no-serving-writes.md","No Serving Writes Invariant","unspecified","unspecified","MERGE","consolidate into canonical section pages"
"docs/architecture/overload-and-degradation.md","Overload And Degradation Contract","unspecified","unspecified","MERGE","consolidate into canonical section pages"
"docs/architecture/policy-enforcement-map.md","Policy Enforcement Map","unspecified","unspecified","MERGE","consolidate into canonical section pages"
"docs/architecture/query-connection-strategy.md","Query Connection Strategy","unspecified","unspecified","MERGE","consolidate into canonical section pages"
"docs/architecture/removed-compatibility-paths.md","Removed Compatibility Paths","unspecified","unspecified","MERGE","consolidate into canonical section pages"
"docs/architecture/repo-overview.md","Repository Overview","unspecified","unspecified","MERGE","consolidate into canonical section pages"
"docs/architecture/scripting.md","Scripting Architecture Contract (Historical Transition Note)","unspecified","unspecified","MERGE","consolidate into canonical section pages"
"docs/architecture/store-and-registry.md","Store And Registry Contract","unspecified","unspecified","MERGE","consolidate into canonical section pages"
"docs/architecture/system-graph.md","Architecture Diagram","unspecified","unspecified","MERGE","consolidate into canonical section pages"
"docs/contracts/INDEX.md","Contracts SSOT","unspecified","unspecified","MERGE","replace uppercase index with lowercase index.md where retained"
"docs/contracts/README.md","Contracts SSOT and Generation","unspecified","unspecified","MERGE","consolidate into canonical section pages"
"docs/contracts/artifacts/INDEX.md","Contracts Artifacts Index","unspecified","unspecified","MERGE","replace uppercase index with lowercase index.md where retained"
"docs/contracts/artifacts/directory-contract.md","Artifact Directory Contract (SSOT)","unspecified","unspecified","MERGE","consolidate into canonical section pages"
"docs/contracts/artifacts/manifest-contract.md","Artifact Manifest Contract","unspecified","unspecified","MERGE","consolidate into canonical section pages"
"docs/contracts/artifacts/sqlite-schema-contract.md","SQLite Schema Contract (Ingest)","unspecified","unspecified","MERGE","consolidate into canonical section pages"
"docs/contracts/artifacts/sqlite-schema-evolution-strategy.md","SQLite Schema Evolution Strategy","unspecified","unspecified","MERGE","consolidate into canonical section pages"
"docs/contracts/breaking-change-examples.md","Breaking Change Examples","unspecified","unspecified","MERGE","consolidate into canonical section pages"
"docs/contracts/chart-values.md","Chart Values Contract","unspecified","unspecified","MERGE","consolidate into canonical section pages"
"docs/contracts/compatibility.md","Compatibility Contract","unspecified","unspecified","MERGE","consolidate into canonical section pages"
"docs/contracts/config-keys.md","Config Keys Contract","unspecified","unspecified","MERGE","consolidate into canonical section pages"
"docs/contracts/contract-change-checklist.md","Contract Change Checklist","unspecified","unspecified","MERGE","consolidate into canonical section pages"
"docs/contracts/contract-diff.md","Contract Diff Review","unspecified","unspecified","MERGE","consolidate into canonical section pages"
"docs/contracts/contracts-index.md","Contracts Index","unspecified","unspecified","MERGE","consolidate into canonical section pages"
"docs/contracts/endpoints.md","Endpoints Contract","unspecified","unspecified","MERGE","consolidate into canonical section pages"
"docs/contracts/errors.md","Error Codes Contract","unspecified","unspecified","MERGE","consolidate into canonical section pages"
"docs/contracts/examples/INDEX.md","Contract JSON Examples","unspecified","unspecified","MERGE","replace uppercase index with lowercase index.md where retained"
"docs/contracts/fasta-derived-metrics.md","Fasta-Derived Metrics Contract","unspecified","unspecified","MERGE","consolidate into canonical section pages"
"docs/contracts/gff3-acceptance.md","GFF3 Acceptance Contract (v1)","unspecified","unspecified","MERGE","consolidate into canonical section pages"
"docs/contracts/metrics.md","Metrics Contract","unspecified","unspecified","MERGE","consolidate into canonical section pages"
"docs/contracts/normalized-format.md","Normalized Ingest Format Contract","unspecified","unspecified","MERGE","consolidate into canonical section pages"
"docs/contracts/plugin/INDEX.md","Contracts Plugin Index","unspecified","unspecified","MERGE","replace uppercase index with lowercase index.md where retained"
"docs/contracts/plugin/conformance-checklist.md","Bijux Plugin Conformance Checklist","unspecified","unspecified","MERGE","consolidate into canonical section pages"
"docs/contracts/plugin/mode.md","Bijux-Atlas Plugin Mode","unspecified","unspecified","MERGE","consolidate into canonical section pages"
"docs/contracts/plugin/spec.md","Bijux Plugin Specification v1","unspecified","unspecified","MERGE","consolidate into canonical section pages"
"docs/contracts/plugin/umbrella-plugin-contract-v1.md","Umbrella Plugin Contract v1","unspecified","unspecified","MERGE","consolidate into canonical section pages"
"docs/contracts/qc.md","Ingest QC Contract","unspecified","unspecified","MERGE","consolidate into canonical section pages"
"docs/contracts/ssot-workflow.md","SSOT Workflow","unspecified","unspecified","MERGE","consolidate into canonical section pages"
"docs/contracts/tracing.md","Trace Spans Contract","unspecified","unspecified","MERGE","consolidate into canonical section pages"
"docs/control-plane/contracts.md","Contracts Control Plane","unspecified","unspecified","MERGE","consolidate into canonical section pages"
"docs/control-plane/ops-boundary.md","Ops Boundary","unspecified","unspecified","MERGE","consolidate into canonical section pages"
"docs/dev/check-failures.md","Check Failures Closure Guide","unspecified","unspecified","DELETE","legacy mirror or superseded entrypoint group"
"docs/development/add-dataset-type.md","Add a New Dataset Type","unspecified","unspecified","MERGE","consolidate into canonical section pages"
"docs/development/add-endpoint.md","Add a New Endpoint","unspecified","unspecified","MERGE","consolidate into canonical section pages"
"docs/development/add-metric-span.md","Add a New Metric or Span","unspecified","unspecified","MERGE","consolidate into canonical section pages"
"docs/development/cargo-profiles-ssot.md","Cargo Profiles SSOT","unspecified","unspecified","MERGE","consolidate into canonical section pages"
"docs/development/cargo.md","Cargo Execution Contract","unspecified","unspecified","MERGE","consolidate into canonical section pages"
"docs/development/ci/INDEX.md","Development Ci Index","unspecified","unspecified","MERGE","replace uppercase index with lowercase index.md where retained"
"docs/development/ci/cache-policy.md","CI Cache Policy","unspecified","unspecified","MERGE","consolidate into canonical section pages"
"docs/development/ci/ci.md","CI Surface","unspecified","unspecified","MERGE","consolidate into canonical section pages"
"docs/development/ci/coverage.md","Coverage Runner Notes","unspecified","unspecified","MERGE","consolidate into canonical section pages"
"docs/development/ci/dependency-update-policy.md","Dependency Update Policy","unspecified","unspecified","MERGE","consolidate into canonical section pages"
"docs/development/ci/reproducible-build-hints.md","Reproducible Build Hints","unspecified","unspecified","MERGE","consolidate into canonical section pages"
"docs/development/ci/security-audit-policy.md","Security Audit Policy","unspecified","unspecified","MERGE","consolidate into canonical section pages"
"docs/development/ci/supply-chain-and-runtime-security.md","Supply Chain and Runtime Security Policy","unspecified","unspecified","MERGE","consolidate into canonical section pages"
"docs/development/config-changelog.md","Config Changelog","unspecified","unspecified","MERGE","consolidate into canonical section pages"
"docs/development/config-versioning.md","Config Versioning","unspecified","unspecified","MERGE","consolidate into canonical section pages"
"docs/development/configs-layout.md","Configs Layout","unspecified","unspecified","MERGE","consolidate into canonical section pages"
"docs/development/contributing.md","Contributing","unspecified","unspecified","MERGE","consolidate into canonical section pages"
"docs/development/crates-map.md","Crates Map","unspecified","unspecified","MERGE","consolidate into canonical section pages"
"docs/development/dataset-identity.md","Dataset Identity Contract","unspecified","unspecified","MERGE","consolidate into canonical section pages"
"docs/development/docs-depth-contract.md","Docs Depth Contract","unspecified","unspecified","MERGE","consolidate into canonical section pages"
"docs/development/index.md","Development","guide  ","unspecified","KEEP","canonical section entrypoint"
"docs/development/local-noise.md","Local Noise Policy","unspecified","unspecified","MERGE","consolidate into canonical section pages"
"docs/development/make-targets-inventory.md","Make Targets Inventory","unspecified","unspecified","MERGE","consolidate into canonical section pages"
"docs/development/make-targets.md","Make Targets Inventory","unspecified","unspecified","MERGE","consolidate into canonical section pages"
"docs/development/makefiles/INDEX.md","Development Makefiles Index","unspecified","unspecified","MERGE","replace uppercase index with lowercase index.md where retained"
"docs/development/makefiles/surface.md","Make Public Surface","unspecified","unspecified","MERGE","consolidate into canonical section pages"
"docs/development/naming-and-wording-conventions.md","Naming and Wording Conventions","unspecified","unspecified","MERGE","consolidate into canonical section pages"
"docs/development/normalized-format.md","Normalized Format (Debug)","unspecified","unspecified","MERGE","consolidate into canonical section pages"
"docs/development/ops-canonical-layout.md","Ops Canonical Layout","unspecified","unspecified","MERGE","consolidate into canonical section pages"
"docs/development/ops-intent-naming.md","Ops Intent-Based Naming","unspecified","unspecified","MERGE","consolidate into canonical section pages"
"docs/development/reorg-plan.md","Reorganization Invariants Plan","unspecified","unspecified","MERGE","consolidate into canonical section pages"
"docs/development/repo-layout.md","Repository Layout","unspecified","unspecified","MERGE","consolidate into canonical section pages"
"docs/development/repo-surface.md","Repository Surface","unspecified","unspecified","MERGE","consolidate into canonical section pages"
"docs/development/root-inventory.md","Root Inventory","unspecified","unspecified","MERGE","consolidate into canonical section pages"
"docs/development/script-naming.md","Script Naming Convention","unspecified","unspecified","MERGE","consolidate into canonical section pages"
"docs/development/scripts-graph.md","Scripts Graph","unspecified","unspecified","MERGE","consolidate into canonical section pages"
"docs/development/snapshot-test-policy.md","Snapshot Test Policy","unspecified","unspecified","MERGE","consolidate into canonical section pages"
"docs/development/style/INDEX.md","Style Docs Index","unspecified","unspecified","MERGE","replace uppercase index with lowercase index.md where retained"
"docs/development/style/why-this-layout.md","Why This Layout","unspecified","unspecified","MERGE","consolidate into canonical section pages"
"docs/development/symlinks.md","Symlink Index","unspecified","unspecified","MERGE","consolidate into canonical section pages"
"docs/development/task-runner-removal-map.md","Control Plane Replacement Map","unspecified","unspecified","MERGE","consolidate into canonical section pages"
"docs/development/tool-config-shims.md","Tool Config Shims","unspecified","unspecified","MERGE","consolidate into canonical section pages"
"docs/development/tooling/INDEX.md","Tooling","unspecified","unspecified","MERGE","replace uppercase index with lowercase index.md where retained"
"docs/development/tooling/build-outputs.md","Build Outputs","unspecified","unspecified","MERGE","consolidate into canonical section pages"
"docs/development/tooling/command-inventory.md","Command Inventory","unspecified","unspecified","MERGE","consolidate into canonical section pages"
"docs/development/tooling/compat-matrix.md","Scripts Compatibility Matrix","unspecified","unspecified","MERGE","consolidate into canonical section pages"
"docs/development/tooling/control-plane.md","Control Plane: bijux-dev-atlas","unspecified","unspecified","MERGE","consolidate into canonical section pages"
"docs/development/tooling/dev-atlas-docs.md","Dev Atlas Docs Commands","unspecified","unspecified","MERGE","consolidate into canonical section pages"
"docs/development/tooling/dev-atlas-ops.md","Dev Atlas Ops Ownership","unspecified","unspecified","MERGE","consolidate into canonical section pages"
"docs/development/tooling/make-workflow-governance-entrypoints.md","Make And Workflow Governance Entrypoints","unspecified","unspecified","MERGE","consolidate into canonical section pages"
"docs/development/tooling/naming-policy.md","Tooling Naming Policy","unspecified","unspecified","MERGE","consolidate into canonical section pages"
"docs/development/tooling/ops-command-inventory.md","Ops Command Inventory","unspecified","unspecified","MERGE","consolidate into canonical section pages"
"docs/development/tooling/release-packaging-plan.md","Release Packaging Plan","unspecified","unspecified","MERGE","consolidate into canonical section pages"
"docs/development/tooling/rust-toolchain.md","Rust Toolchain Contract","unspecified","unspecified","MERGE","consolidate into canonical section pages"
"docs/development/tooling/scripts-compat-policy.md","Scripts Compatibility Policy","unspecified","unspecified","MERGE","consolidate into canonical section pages"
"docs/development/tooling/tools.md","Tooling Directory Intent Map","unspecified","unspecified","MERGE","consolidate into canonical section pages"
"docs/development/tooling/versioning-alignment.md","Versioning Alignment","unspecified","unspecified","MERGE","consolidate into canonical section pages"
"docs/docs/checks.md","Docs Checks Contract","unspecified","unspecified","DELETE","legacy mirror or superseded entrypoint group"
"docs/engineering/lints.md","Lint Policy","unspecified","unspecified","MERGE","consolidate into canonical section pages"
"docs/examples/INDEX.md","Examples Index","unspecified","unspecified","MERGE","replace uppercase index with lowercase index.md where retained"
"docs/examples/catalog-example.md","Catalog Example","unspecified","unspecified","MERGE","consolidate into canonical section pages"
"docs/examples/curl-requests.md","Curl Requests","unspecified","unspecified","MERGE","consolidate into canonical section pages"
"docs/glossary.md","Glossary","reference  ","unspecified","KEEP","reader spine or root governance control"
"docs/governance/DOCS_FRONT_MATTER.md","Docs Front Matter Contract","unspecified","unspecified","KEEP","canonical policy or required placeholder/runbook"
"docs/governance/DOCS_OWNERSHIP.md","Documentation Ownership Policy","unspecified","unspecified","KEEP","canonical policy or required placeholder/runbook"
"docs/governance/DOCS_QUALITY_POLICY.md","Docs Quality Policy","unspecified","unspecified","KEEP","canonical policy or required placeholder/runbook"
"docs/governance/decision-template.md","Documentation Decision Template","policy  ","unspecified","KEEP","canonical policy or required placeholder/runbook"
"docs/governance/docs-baseline-checklist.md","Documentation Baseline Checklist","unspecified","unspecified","KEEP","canonical policy or required placeholder/runbook"
"docs/governance/docs-operating-model.md","Documentation Operating Model","unspecified","unspecified","KEEP","canonical policy or required placeholder/runbook"
"docs/governance/docs-removal-policy.md","Documentation Removal Policy","policy  ","unspecified","KEEP","canonical policy or required placeholder/runbook"
"docs/governance/docs-review-checklist.md","Documentation Review Checklist","policy  ","unspecified","KEEP","canonical policy or required placeholder/runbook"
"docs/governance/index.md","Governance","policy  ","unspecified","KEEP","canonical section entrypoint"
"docs/governance/style-guide.md","Governance Style Guide","policy  ","unspecified","KEEP","canonical policy or required placeholder/runbook"
"docs/index.md","Atlas Documentation","unspecified","unspecified","KEEP","reader spine or root governance control"
"docs/operations/DOCS_CONVERGENCE_POLICY.md","Docs Convergence Policy","unspecified","unspecified","MERGE","consolidate into canonical section pages"
"docs/operations/DOCS_STRUCTURE_FREEZE.md","Docs Structure Freeze","unspecified","unspecified","MERGE","consolidate into canonical section pages"
"docs/operations/EXAMPLE_INCIDENT_WALKTHROUGH.md","Example Incident Walkthrough","unspecified","unspecified","MERGE","consolidate into canonical section pages"
"docs/operations/EXAMPLE_RELEASE_WALKTHROUGH.md","Example Release Walkthrough","unspecified","unspecified","MERGE","consolidate into canonical section pages"
"docs/operations/REDIRECT_EXPIRY_WORKFLOW.md","Redirect Expiry Workflow","unspecified","unspecified","MERGE","consolidate into canonical section pages"
"docs/operations/air-gapped-install.md","Air-Gapped Install and Artifact Mirroring","unspecified","unspecified","MERGE","consolidate into canonical section pages"
"docs/operations/cache-topology.md","Cache Topology: Per-Node vs Per-Pod","unspecified","unspecified","MERGE","consolidate into canonical section pages"
"docs/operations/cached-only-slo.md","Cached-Only Mode SLO","unspecified","unspecified","MERGE","consolidate into canonical section pages"
"docs/operations/canonical-workflows.md","Canonical Workflows","unspecified","unspecified","MERGE","consolidate into canonical section pages"
"docs/operations/config.md","Runtime Config Contract","unspecified","unspecified","MERGE","consolidate into canonical section pages"
"docs/operations/container.md","Container and Kubernetes","unspecified","unspecified","MERGE","consolidate into canonical section pages"
"docs/operations/dataset-promotion-pipeline.md","Dataset Promotion Pipeline","unspecified","unspecified","MERGE","consolidate into canonical section pages"
"docs/operations/datasets.md","Dataset Operations","unspecified","unspecified","MERGE","consolidate into canonical section pages"
"docs/operations/deploy.md","Deploy","runbook  ","operator  ","KEEP","canonical policy or required placeholder/runbook"
"docs/operations/e2e/INDEX.md","E2E Operations Index","unspecified","unspecified","MERGE","replace uppercase index with lowercase index.md where retained"
"docs/operations/e2e/fixtures.md","E2E Fixtures","unspecified","unspecified","MERGE","consolidate into canonical section pages"
"docs/operations/e2e/k8s-tests.md","E2E Kubernetes Tests","unspecified","unspecified","MERGE","consolidate into canonical section pages"
"docs/operations/e2e/realdata-drills.md","E2E Realdata Drills","unspecified","unspecified","MERGE","consolidate into canonical section pages"
"docs/operations/e2e/stack.md","E2E Stack","unspecified","unspecified","MERGE","consolidate into canonical section pages"
"docs/operations/e2e/what-e2e-is-not.md","What E2E Is Not","unspecified","unspecified","MERGE","consolidate into canonical section pages"
"docs/operations/entrypoints.md","Ops Entrypoints","unspecified","unspecified","MERGE","consolidate into canonical section pages"
"docs/operations/evidence-policy.md","Evidence Policy","unspecified","unspecified","MERGE","consolidate into canonical section pages"
"docs/operations/fixture-dataset-ingest.md","Fixture Dataset Ingest","unspecified","unspecified","MERGE","consolidate into canonical section pages"
"docs/operations/full-stack-local.md","Full Stack Local","unspecified","unspecified","MERGE","consolidate into canonical section pages"
"docs/operations/health-endpoint-semantics.md","Health Endpoint Semantics","unspecified","unspecified","MERGE","consolidate into canonical section pages"
"docs/operations/how-to-run-locally.md","How To Run Locally","unspecified","unspecified","MERGE","consolidate into canonical section pages"
"docs/operations/incident-response.md","Incident Response","runbook  ","operator  ","KEEP","canonical policy or required placeholder/runbook"
"docs/operations/index.md","Operations","runbook  ","unspecified","KEEP","canonical section entrypoint"
"docs/operations/input-sources.md","Input Sources","unspecified","unspecified","MERGE","consolidate into canonical section pages"
"docs/operations/k8s/INDEX.md","Kubernetes Operations Index","unspecified","unspecified","MERGE","replace uppercase index with lowercase index.md where retained"
"docs/operations/k8s/autoscaling-contract.md","Autoscaling Contract","unspecified","unspecified","MERGE","consolidate into canonical section pages"
"docs/operations/k8s/canary-progressive-delivery.md","Canary Progressive Delivery Notes","unspecified","unspecified","MERGE","consolidate into canonical section pages"
"docs/operations/k8s/chart.md","Helm Chart Contract","unspecified","unspecified","MERGE","consolidate into canonical section pages"
"docs/operations/k8s/cluster-resource-profile.md","Cluster Resource Profile","unspecified","unspecified","MERGE","consolidate into canonical section pages"
"docs/operations/k8s/crd-dependency-policy.md","CRD Dependency Policy","unspecified","unspecified","MERGE","consolidate into canonical section pages"
"docs/operations/k8s/dataset-locality-and-shard-scaling.md","Dataset Locality And Shard-Aware Scaling","unspecified","unspecified","MERGE","consolidate into canonical section pages"
"docs/operations/k8s/k8s-test-contract.md","K8s Test Contract","unspecified","unspecified","MERGE","consolidate into canonical section pages"
"docs/operations/k8s/kustomize-policy.md","Kustomize Policy","unspecified","unspecified","MERGE","consolidate into canonical section pages"
"docs/operations/k8s/network-policy-correctness.md","Network Policy Correctness","unspecified","unspecified","MERGE","consolidate into canonical section pages"
"docs/operations/k8s/node-local-shared-cache-profile.md","Node-Local Shared Cache Profile","unspecified","unspecified","MERGE","consolidate into canonical section pages"
"docs/operations/k8s/packaging-and-ops.md","Kubernetes Packaging and Operational Contract","unspecified","unspecified","MERGE","consolidate into canonical section pages"
"docs/operations/k8s/plugin-mode-entrypoint.md","Plugin-Mode Entrypoint (Kubernetes)","unspecified","unspecified","MERGE","consolidate into canonical section pages"
"docs/operations/k8s/rbac-minimalism.md","Role-Based Access Control Minimalism","unspecified","unspecified","MERGE","consolidate into canonical section pages"
"docs/operations/k8s/release-install-matrix.md","Release Install Matrix","unspecified","unspecified","MERGE","consolidate into canonical section pages"
"docs/operations/k8s/values-schema.md","Chart Values Schema Contract","unspecified","unspecified","MERGE","consolidate into canonical section pages"
"docs/operations/k8s/values.md","Kubernetes Values","unspecified","unspecified","MERGE","consolidate into canonical section pages"
"docs/operations/k8s/warm-on-rollout.md","Warm-On-Rollout Hook","unspecified","unspecified","MERGE","consolidate into canonical section pages"
"docs/operations/k8s/when-layer-drift-fails.md","When Layer Drift Fails","unspecified","unspecified","MERGE","consolidate into canonical section pages"
"docs/operations/kind-profile.md","Kind Profile","unspecified","unspecified","MERGE","consolidate into canonical section pages"
"docs/operations/kubernetes.md","Kubernetes Operations","unspecified","unspecified","MERGE","consolidate into canonical section pages"
"docs/operations/load/INDEX.md","Operations Load Index","unspecified","unspecified","MERGE","replace uppercase index with lowercase index.md where retained"
"docs/operations/load/baseline-update-policy.md","Baseline Update Policy","unspecified","unspecified","MERGE","consolidate into canonical section pages"
"docs/operations/load/ci-policy.md","Load CI Policy","unspecified","unspecified","MERGE","consolidate into canonical section pages"
"docs/operations/load/k6.md","Atlas Load Harness (k6)","unspecified","unspecified","MERGE","consolidate into canonical section pages"
"docs/operations/load/perf-acceptance-checklist.md","Perf Acceptance Checklist","unspecified","unspecified","MERGE","consolidate into canonical section pages"
"docs/operations/load/reproducibility.md","Load Reproducibility","unspecified","unspecified","MERGE","consolidate into canonical section pages"
"docs/operations/load/result-contract.md","Load Result Contract","unspecified","unspecified","MERGE","consolidate into canonical section pages"
"docs/operations/load/runtime-policy.md","Compose Vs Kind Policy","unspecified","unspecified","MERGE","consolidate into canonical section pages"
"docs/operations/load/suites.md","Load Suites","unspecified","unspecified","MERGE","consolidate into canonical section pages"
"docs/operations/local-stack.md","Local Stack (Make Only)","unspecified","unspecified","MERGE","consolidate into canonical section pages"
"docs/operations/no-direct-path-usage.md","No Direct Path Usage","unspecified","unspecified","MERGE","consolidate into canonical section pages"
"docs/operations/observability/INDEX.md","Operations Observability Index","unspecified","unspecified","MERGE","replace uppercase index with lowercase index.md where retained"
"docs/operations/observability/acceptance-checklist.md","Observability Acceptance Checklist","unspecified","unspecified","MERGE","consolidate into canonical section pages"
"docs/operations/observability/acceptance-gates.md","Observability Acceptance Gates","unspecified","unspecified","MERGE","consolidate into canonical section pages"
"docs/operations/observability/alerts.md","Alerts Contract","unspecified","unspecified","MERGE","consolidate into canonical section pages"
"docs/operations/observability/compatibility.md","Observability Compatibility","unspecified","unspecified","MERGE","consolidate into canonical section pages"
"docs/operations/observability/dashboard.md","Dashboard Contract","unspecified","unspecified","MERGE","consolidate into canonical section pages"
"docs/operations/observability/debug-overload.md","Debug Overload","unspecified","unspecified","MERGE","consolidate into canonical section pages"
"docs/operations/observability/debug-p99-latency.md","Debug P99 Latency","unspecified","unspecified","MERGE","consolidate into canonical section pages"
"docs/operations/observability/drills.md","Observability Drills","unspecified","unspecified","MERGE","consolidate into canonical section pages"
"docs/operations/observability/error-budget-policy.md","Bijux Atlas Error Budget Policy","unspecified","unspecified","MERGE","consolidate into canonical section pages"
"docs/operations/observability/metric-cardinality-guardrails.md","Metric Cardinality Guardrails","unspecified","unspecified","MERGE","consolidate into canonical section pages"
"docs/operations/observability/metric-ownership.md","Metric Ownership","unspecified","unspecified","MERGE","consolidate into canonical section pages"
"docs/operations/observability/otel-outage-behavior.md","OpenTelemetry Outage Behavior","unspecified","unspecified","MERGE","consolidate into canonical section pages"
"docs/operations/observability/perf-regression-policy.md","Performance Regression Policy","unspecified","unspecified","MERGE","consolidate into canonical section pages"
"docs/operations/observability/performance-baseline.md","Atlas Performance Baseline","unspecified","unspecified","MERGE","consolidate into canonical section pages"
"docs/operations/observability/profiles.md","Observability Profiles","unspecified","unspecified","MERGE","consolidate into canonical section pages"
"docs/operations/observability/runbook-dashboard-alert-map.md","Runbook Dashboard Alert Map","unspecified","unspecified","MERGE","consolidate into canonical section pages"
"docs/operations/observability/slo-critical-metrics.md","SLO-Critical Metrics","unspecified","unspecified","MERGE","consolidate into canonical section pages"
"docs/operations/observability/slo.md","Bijux Atlas SLO","unspecified","unspecified","MERGE","consolidate into canonical section pages"
"docs/operations/observability/startup-warm-cache-strategy.md","Startup Warm-Cache Strategy","unspecified","unspecified","MERGE","consolidate into canonical section pages"
"docs/operations/observability/telemetry-compatibility.md","Telemetry Compatibility","unspecified","unspecified","MERGE","consolidate into canonical section pages"
"docs/operations/observability/trace-sampling-policy.md","Trace Sampling Policy","unspecified","unspecified","MERGE","consolidate into canonical section pages"
"docs/operations/observability/tracing.md","Tracing and Correlation","unspecified","unspecified","MERGE","consolidate into canonical section pages"
"docs/operations/ops-acceptance-checklist.md","Ops Acceptance Checklist","unspecified","unspecified","MERGE","consolidate into canonical section pages"
"docs/operations/ops-docs-contract.md","Ops Documentation Contract","unspecified","unspecified","MERGE","consolidate into canonical section pages"
"docs/operations/ops-layout.md","Ops Layout","unspecified","unspecified","MERGE","consolidate into canonical section pages"
"docs/operations/ops-map.md","Ops Map","unspecified","unspecified","MERGE","consolidate into canonical section pages"
"docs/operations/ops-system/INDEX.md","Ops System Index","unspecified","unspecified","MERGE","replace uppercase index with lowercase index.md where retained"
"docs/operations/ops-system/contracts.md","Ops System Contracts","unspecified","unspecified","MERGE","consolidate into canonical section pages"
"docs/operations/ops-system/evidence.md","Ops System Evidence","unspecified","unspecified","MERGE","consolidate into canonical section pages"
"docs/operations/ops-system/gates.md","Ops System Gates","unspecified","unspecified","MERGE","consolidate into canonical section pages"
"docs/operations/ops-system/generators.md","Ops System Generators","unspecified","unspecified","MERGE","consolidate into canonical section pages"
"docs/operations/ops-system/ops-design-defense.md","Ops Design Defense","unspecified","unspecified","MERGE","consolidate into canonical section pages"
"docs/operations/ops-system/ops-docs-consolidation-checklist.md","Ops Docs Consolidation Checklist","unspecified","unspecified","MERGE","consolidate into canonical section pages"
"docs/operations/ops-system/registry.md","Ops System Registry","unspecified","unspecified","MERGE","consolidate into canonical section pages"
"docs/operations/ops-system/schema.md","Ops System Schema","unspecified","unspecified","MERGE","consolidate into canonical section pages"
"docs/operations/performance/INDEX.md","Operations Performance Index","unspecified","unspecified","MERGE","replace uppercase index with lowercase index.md where retained"
"docs/operations/performance/budgets.md","Ops Budgets","unspecified","unspecified","MERGE","consolidate into canonical section pages"
"docs/operations/platform-handover.md","Platform Handover","unspecified","unspecified","MERGE","consolidate into canonical section pages"
"docs/operations/policy-violation-triage.md","Policy Violation Triage","unspecified","unspecified","MERGE","consolidate into canonical section pages"
"docs/operations/production-readiness-checklist.md","Production Readiness Checklist","unspecified","unspecified","MERGE","consolidate into canonical section pages"
"docs/operations/promotion-record.md","Promotion Record","unspecified","unspecified","MERGE","consolidate into canonical section pages"
"docs/operations/reference/commands.md","Command Surface Reference","unspecified","unspecified","MERGE","consolidate into canonical section pages"
"docs/operations/reference/drills.md","Drills Reference","unspecified","unspecified","MERGE","consolidate into canonical section pages"
"docs/operations/reference/evidence-model.md","Evidence Model Reference","unspecified","unspecified","MERGE","consolidate into canonical section pages"
"docs/operations/reference/gates.md","Gates Reference","unspecified","unspecified","MERGE","consolidate into canonical section pages"
"docs/operations/reference/ops-surface.md","Ops Surface Reference","unspecified","unspecified","MERGE","consolidate into canonical section pages"
"docs/operations/reference/pins.md","Pins Reference","unspecified","unspecified","MERGE","consolidate into canonical section pages"
"docs/operations/reference/schema-index.md","Schema Index Reference","unspecified","unspecified","MERGE","consolidate into canonical section pages"
"docs/operations/reference/toolchain.md","Toolchain Reference","unspecified","unspecified","MERGE","consolidate into canonical section pages"
"docs/operations/reference/tools.md","Tools Reference","unspecified","unspecified","MERGE","consolidate into canonical section pages"
"docs/operations/reference/what-breaks-if-removed.md","What Breaks If Removed Reference","unspecified","unspecified","MERGE","consolidate into canonical section pages"
"docs/operations/release-workflows.md","Release Workflows","unspecified","unspecified","MERGE","consolidate into canonical section pages"
"docs/operations/release/lane-guarantees.md","Release Lane Guarantees","unspecified","unspecified","MERGE","consolidate into canonical section pages"
"docs/operations/release/quality-wall.md","Quality Wall","unspecified","unspecified","MERGE","consolidate into canonical section pages"
"docs/operations/retention-and-gc.md","Retention And GC","unspecified","unspecified","MERGE","consolidate into canonical section pages"
"docs/operations/run-locally.md","Run Locally","runbook  ","operator, contributor  ","KEEP","canonical policy or required placeholder/runbook"
"docs/operations/runbook-template.md","Runbook Template","unspecified","unspecified","MERGE","consolidate into canonical section pages"
"docs/operations/runbooks/INDEX.md","Runbooks Index","unspecified","unspecified","MERGE","replace uppercase index with lowercase index.md where retained"
"docs/operations/runbooks/dataset-corruption.md","Runbook: Dataset Corruption","unspecified","unspecified","MERGE","consolidate into canonical section pages"
"docs/operations/runbooks/high-memory.md","Runbook: High Memory","unspecified","unspecified","MERGE","consolidate into canonical section pages"
"docs/operations/runbooks/incident-playbook.md","Runbook: Incident Playbook","unspecified","unspecified","MERGE","consolidate into canonical section pages"
"docs/operations/runbooks/k8s-perf-chaos.md","Runbook: K8s Perf Chaos","unspecified","unspecified","MERGE","consolidate into canonical section pages"
"docs/operations/runbooks/load-failure-triage.md","Load Failure Triage","unspecified","unspecified","MERGE","consolidate into canonical section pages"
"docs/operations/runbooks/memory-profile-under-load.md","Runbook: Memory Profile Under Load","unspecified","unspecified","MERGE","consolidate into canonical section pages"
"docs/operations/runbooks/pod-churn.md","Pod Churn Runbook","unspecified","unspecified","MERGE","consolidate into canonical section pages"
"docs/operations/runbooks/profile-under-load.md","Runbook: Profile Under Load","unspecified","unspecified","MERGE","consolidate into canonical section pages"
"docs/operations/runbooks/registry-federation.md","Runbook: Registry Federation","unspecified","unspecified","MERGE","consolidate into canonical section pages"
"docs/operations/runbooks/rollback-playbook.md","Runbook: Rollback Playbook","unspecified","unspecified","MERGE","consolidate into canonical section pages"
"docs/operations/runbooks/slo-cheap-burn.md","SLO Cheap Burn","unspecified","unspecified","MERGE","consolidate into canonical section pages"
"docs/operations/runbooks/slo-overload-survival.md","SLO Overload Survival","unspecified","unspecified","MERGE","consolidate into canonical section pages"
"docs/operations/runbooks/slo-registry-refresh-stale.md","SLO Registry Refresh Stale","unspecified","unspecified","MERGE","consolidate into canonical section pages"
"docs/operations/runbooks/slo-standard-burn.md","SLO Standard Burn","unspecified","unspecified","MERGE","consolidate into canonical section pages"
"docs/operations/runbooks/slo-store-backend-error-spike.md","SLO Store Backend Error Spike","unspecified","unspecified","MERGE","consolidate into canonical section pages"
"docs/operations/runbooks/store-outage.md","Runbook: Store Outage","unspecified","unspecified","MERGE","consolidate into canonical section pages"
"docs/operations/runbooks/traffic-spike.md","Traffic Spike Runbook","unspecified","unspecified","MERGE","consolidate into canonical section pages"
"docs/operations/security/INDEX.md","Operations Security Index","unspecified","unspecified","MERGE","replace uppercase index with lowercase index.md where retained"
"docs/operations/security/advisories/INDEX.md","Security Advisories Index","unspecified","unspecified","MERGE","replace uppercase index with lowercase index.md where retained"
"docs/operations/security/advisory-process.md","Security Advisory Publication Workflow","unspecified","unspecified","MERGE","consolidate into canonical section pages"
"docs/operations/security/security-posture.md","Atlas Security Posture","unspecified","unspecified","MERGE","consolidate into canonical section pages"
"docs/operations/slo/BASELINE_UPDATE_POLICY.md","SLO Baseline Update Policy","unspecified","unspecified","MERGE","consolidate into canonical section pages"
"docs/operations/slo/CHANGELOG.md","SLO Changelog","unspecified","unspecified","MERGE","consolidate into canonical section pages"
"docs/operations/slo/CHANGE_POLICY.md","SLO Change Policy","unspecified","unspecified","MERGE","consolidate into canonical section pages"
"docs/operations/slo/GLOSSARY.md","SLI/SLO/SLA Glossary","unspecified","unspecified","MERGE","consolidate into canonical section pages"
"docs/operations/slo/INDEX.md","SLO Contract Index","unspecified","unspecified","MERGE","replace uppercase index with lowercase index.md where retained"
"docs/operations/slo/NON_GOALS.md","Non-goals","unspecified","unspecified","MERGE","consolidate into canonical section pages"
"docs/operations/slo/RELEASE_GATE.md","SLO Release Gate","unspecified","unspecified","MERGE","consolidate into canonical section pages"
"docs/operations/slo/SCOPE.md","SLO Scope","unspecified","unspecified","MERGE","consolidate into canonical section pages"
"docs/operations/slo/SLA_DECISION_ADR_TEMPLATE.md","ADR Template: SLA Decision","unspecified","unspecified","MERGE","consolidate into canonical section pages"
"docs/operations/slo/SLA_EXCLUSIONS_PLANNED.md","SLA Exclusions (Planned)","unspecified","unspecified","MERGE","consolidate into canonical section pages"
"docs/operations/slo/SLA_POLICY.md","SLA Policy (v1)","unspecified","unspecified","MERGE","consolidate into canonical section pages"
"docs/operations/slo/SLIS.md","SLIs (v1)","unspecified","unspecified","MERGE","consolidate into canonical section pages"
"docs/operations/slo/SLOS.md","SLO Targets (v1)","unspecified","unspecified","MERGE","consolidate into canonical section pages"
"docs/operations/slo/WHAT_WE_DONT_MEASURE_YET.md","What We Do Not Measure Yet","unspecified","unspecified","MERGE","consolidate into canonical section pages"
"docs/operations/slo/WHY_THESE_SLIS.md","Why These SLIs","unspecified","unspecified","MERGE","consolidate into canonical section pages"
"docs/operations/unified-report.md","Unified Report","unspecified","unspecified","MERGE","consolidate into canonical section pages"
"docs/ownership.md","Documentation Ownership","unspecified","unspecified","KEEP","reader spine or root governance control"
"docs/policies/checks.md","Policies Checks Contract","unspecified","unspecified","MERGE","consolidate into canonical section pages"
"docs/product/compatibility-promise.md","Compatibility Promise","unspecified","unspecified","MERGE","consolidate into canonical section pages"
"docs/product/diffs-v1.md","Diffs v1","unspecified","unspecified","MERGE","consolidate into canonical section pages"
"docs/product/immutability-and-aliases.md","Immutability And Aliases","unspecified","unspecified","MERGE","consolidate into canonical section pages"
"docs/product/index.md","Product","concept  ","unspecified","KEEP","canonical section entrypoint"
"docs/product/non-goals.md","Non Goals","unspecified","unspecified","MERGE","consolidate into canonical section pages"
"docs/product/release-contract-checklist.md","Release Contract Checklist","unspecified","unspecified","MERGE","consolidate into canonical section pages"
"docs/product/sequence-threat-model.md","Sequence Endpoint Threat Model","unspecified","unspecified","MERGE","consolidate into canonical section pages"
"docs/product/sequence-v1.md","Sequence v1","unspecified","unspecified","MERGE","consolidate into canonical section pages"
"docs/product/slo-targets.md","SLO Targets","unspecified","unspecified","MERGE","consolidate into canonical section pages"
"docs/product/transcripts-v1.md","Transcripts v1","unspecified","unspecified","MERGE","consolidate into canonical section pages"
"docs/product/user-stories.md","Queries That Matter","unspecified","unspecified","MERGE","consolidate into canonical section pages"
"docs/product/what-is-bijux-atlas.md","What Is Bijux Atlas","unspecified","unspecified","MERGE","consolidate into canonical section pages"
"docs/quickstart/INDEX.md","Quickstart Index","unspecified","unspecified","DELETE","legacy mirror or superseded entrypoint group"
"docs/quickstart/client-sdk-examples.md","Client SDK Examples (Pinned OpenAPI v1)","unspecified","unspecified","DELETE","legacy mirror or superseded entrypoint group"
"docs/quickstart/local-cluster-setup.md","Local Cluster Setup","unspecified","unspecified","DELETE","legacy mirror or superseded entrypoint group"
"docs/quickstart/ops-local-full.md","Ops Local Full Quickstart","unspecified","unspecified","DELETE","legacy mirror or superseded entrypoint group"
"docs/reference/commands.md","Commands Reference","reference  ","unspecified","KEEP","canonical policy or required placeholder/runbook"
"docs/reference/compatibility/INDEX.md","Compatibility Index","unspecified","unspecified","MERGE","replace uppercase index with lowercase index.md where retained"
"docs/reference/compatibility/bijux-dna-atlas.md","bijux-dna Atlas Compatibility","unspecified","unspecified","MERGE","consolidate into canonical section pages"
"docs/reference/compatibility/cross-project-compatibility-policy.md","Cross-Project Compatibility Policy","unspecified","unspecified","MERGE","consolidate into canonical section pages"
"docs/reference/compatibility/json-wire-compatibility.md","JSON Compatibility Rules","unspecified","unspecified","MERGE","consolidate into canonical section pages"
"docs/reference/compatibility/umbrella-atlas-matrix.md","Compatibility Matrix: bijux Umbrella <-> bijux-atlas","unspecified","unspecified","MERGE","consolidate into canonical section pages"
"docs/reference/configs.md","Configs Reference","reference  ","unspecified","KEEP","canonical policy or required placeholder/runbook"
"docs/reference/datasets/INDEX.md","Datasets Reference Index","unspecified","unspecified","MERGE","replace uppercase index with lowercase index.md where retained"
"docs/reference/datasets/lifecycle.md","Dataset Lifecycle","unspecified","unspecified","MERGE","consolidate into canonical section pages"
"docs/reference/datasets/mirroring.md","Dataset Mirroring","unspecified","unspecified","MERGE","consolidate into canonical section pages"
"docs/reference/datasets/offline-mode.md","Offline Mode","unspecified","unspecified","MERGE","consolidate into canonical section pages"
"docs/reference/datasets/promotion.md","Dataset Promotion","unspecified","unspecified","MERGE","consolidate into canonical section pages"
"docs/reference/datasets/rollback.md","Dataset Rollback","unspecified","unspecified","MERGE","consolidate into canonical section pages"
"docs/reference/errors.md","Errors Reference","reference  ","unspecified","KEEP","canonical policy or required placeholder/runbook"
"docs/reference/evolution/INDEX.md","Reference Evolution Index","unspecified","unspecified","MERGE","replace uppercase index with lowercase index.md where retained"
"docs/reference/evolution/api-versioning.md","API Versioning","unspecified","unspecified","MERGE","consolidate into canonical section pages"
"docs/reference/evolution/release-diffs.md","Release Diffs","unspecified","unspecified","MERGE","consolidate into canonical section pages"
"docs/reference/evolution/roadmap.md","Evolution Roadmap","unspecified","unspecified","MERGE","consolidate into canonical section pages"
"docs/reference/evolution/sharding.md","Sharding Evolution: Monolith To Shards","unspecified","unspecified","MERGE","consolidate into canonical section pages"
"docs/reference/fixtures/INDEX.md","Reference Fixtures Index","unspecified","unspecified","MERGE","replace uppercase index with lowercase index.md where retained"
"docs/reference/fixtures/medium-fixture.md","Medium Fixture (Non-CI)","unspecified","unspecified","MERGE","consolidate into canonical section pages"
"docs/reference/fixtures/real-datasets.md","Realistic Public Sample Datasets","unspecified","unspecified","MERGE","consolidate into canonical section pages"
"docs/reference/index.md","Reference","reference  ","unspecified","KEEP","canonical section entrypoint"
"docs/reference/ingestion/INDEX.md","Ingestion Reference Index","unspecified","unspecified","MERGE","replace uppercase index with lowercase index.md where retained"
"docs/reference/ingestion/determinism.md","Determinism","unspecified","unspecified","MERGE","consolidate into canonical section pages"
"docs/reference/ingestion/parser-semantics.md","Parser Semantics","unspecified","unspecified","MERGE","consolidate into canonical section pages"
"docs/reference/ingestion/qc-report-schema.md","QC Report Schema","unspecified","unspecified","MERGE","consolidate into canonical section pages"
"docs/reference/ingestion/supported-layouts.md","Supported Layouts","unspecified","unspecified","MERGE","consolidate into canonical section pages"
"docs/reference/make-targets.md","Make Targets Reference","unspecified","unspecified","MERGE","consolidate into canonical section pages"
"docs/reference/performance/INDEX.md","Performance Reference Index","unspecified","unspecified","MERGE","replace uppercase index with lowercase index.md where retained"
"docs/reference/performance/bulkheads.md","Bulkheads","unspecified","unspecified","MERGE","consolidate into canonical section pages"
"docs/reference/performance/caching-model.md","Caching Model","unspecified","unspecified","MERGE","consolidate into canonical section pages"
"docs/reference/performance/p99-strategy.md","p99 Strategy","unspecified","unspecified","MERGE","consolidate into canonical section pages"
"docs/reference/performance/perf-regression-policy.md","Perf Regression Policy","unspecified","unspecified","MERGE","consolidate into canonical section pages"
"docs/reference/performance/profiling.md","Profiling","unspecified","unspecified","MERGE","consolidate into canonical section pages"
"docs/reference/performance/query-benchmarks.md","Query Benchmarks","unspecified","unspecified","MERGE","consolidate into canonical section pages"
"docs/reference/performance/redis.md","Redis Evaluation","unspecified","unspecified","MERGE","consolidate into canonical section pages"
"docs/reference/querying/INDEX.md","Querying Reference Index","unspecified","unspecified","MERGE","replace uppercase index with lowercase index.md where retained"
"docs/reference/querying/cost-estimator.md","Cost Estimator","unspecified","unspecified","MERGE","consolidate into canonical section pages"
"docs/reference/querying/filters.md","Filters","unspecified","unspecified","MERGE","consolidate into canonical section pages"
"docs/reference/querying/ordering.md","Ordering","unspecified","unspecified","MERGE","consolidate into canonical section pages"
"docs/reference/querying/pagination.md","Pagination","unspecified","unspecified","MERGE","consolidate into canonical section pages"
"docs/reference/querying/sharding.md","Sharding Behavior","unspecified","unspecified","MERGE","consolidate into canonical section pages"
"docs/reference/registry/INDEX.md","Registry Reference Index","unspecified","unspecified","MERGE","replace uppercase index with lowercase index.md where retained"
"docs/reference/registry/config-schema-versioning.md","Bijux Config Schema Versioning","unspecified","unspecified","MERGE","consolidate into canonical section pages"
"docs/reference/registry/conflict-resolution.md","Conflict Resolution","unspecified","unspecified","MERGE","consolidate into canonical section pages"
"docs/reference/registry/deprecation-policy.md","Bijux Deprecation Policy","unspecified","unspecified","MERGE","consolidate into canonical section pages"
"docs/reference/registry/deterministic-merge.md","Deterministic Merge","unspecified","unspecified","MERGE","consolidate into canonical section pages"
"docs/reference/registry/error-code-registry.md","Error Code Registry","unspecified","unspecified","MERGE","consolidate into canonical section pages"
"docs/reference/registry/federation-semantics.md","Federation Semantics","unspecified","unspecified","MERGE","consolidate into canonical section pages"
"docs/reference/registry/latest-release-alias-policy.md","Latest Release Alias Policy","unspecified","unspecified","MERGE","consolidate into canonical section pages"
"docs/reference/registry/long-term-maintenance-policy.md","Bijux Long-Term Maintenance Policy","unspecified","unspecified","MERGE","consolidate into canonical section pages"
"docs/reference/registry/no-dna-dependency-policy.md","No DNA Dependency Policy For Atlas","unspecified","unspecified","MERGE","consolidate into canonical section pages"
"docs/reference/registry/plugin-versioning-and-release-independence.md","Plugin Versioning And Release Independence","unspecified","unspecified","MERGE","consolidate into canonical section pages"
"docs/reference/registry/security-response-coordination.md","Security Response Coordination","unspecified","unspecified","MERGE","consolidate into canonical section pages"
"docs/reference/registry/shared-core-extraction.md","Shared Core Extraction","unspecified","unspecified","MERGE","consolidate into canonical section pages"
"docs/reference/repo-map.md","Repository Map","unspecified","unspecified","MERGE","consolidate into canonical section pages"
"docs/reference/schemas.md","Schemas Reference","reference  ","unspecified","KEEP","canonical policy or required placeholder/runbook"
"docs/reference/science/INDEX.md","Reference Science Index","unspecified","unspecified","MERGE","replace uppercase index with lowercase index.md where retained"
"docs/reference/science/gene-summary-semantics.md","Gene Summary Semantics","unspecified","unspecified","MERGE","consolidate into canonical section pages"
"docs/reference/science/transcript-semantics.md","Transcript Semantics","unspecified","unspecified","MERGE","consolidate into canonical section pages"
"docs/reference/security/INDEX.md","Security Reference Index","unspecified","unspecified","MERGE","replace uppercase index with lowercase index.md where retained"
"docs/reference/security/auth-hmac.md","Auth And HMAC Options","unspecified","unspecified","MERGE","consolidate into canonical section pages"
"docs/reference/security/limits.md","Limits","unspecified","unspecified","MERGE","consolidate into canonical section pages"
"docs/reference/security/ssrf.md","SSRF Controls","unspecified","unspecified","MERGE","consolidate into canonical section pages"
"docs/reference/security/threat-model.md","Threat Model","unspecified","unspecified","MERGE","consolidate into canonical section pages"
"docs/reference/store/INDEX.md","Store Reference Index","unspecified","unspecified","MERGE","replace uppercase index with lowercase index.md where retained"
"docs/reference/store/backends.md","Backends","unspecified","unspecified","MERGE","consolidate into canonical section pages"
"docs/reference/store/dataset-lifecycle.md","Dataset Lifecycle","unspecified","unspecified","MERGE","consolidate into canonical section pages"
"docs/reference/store/etag-caching.md","ETag Caching","unspecified","unspecified","MERGE","consolidate into canonical section pages"
"docs/reference/store/fixtures-policy.md","Fixture Policy","unspecified","unspecified","MERGE","consolidate into canonical section pages"
"docs/reference/store/immutability-guarantee.md","Immutability Guarantee","unspecified","unspecified","MERGE","consolidate into canonical section pages"
"docs/reference/store/ingestion-purity-rule.md","Ingestion Purity Rule","unspecified","unspecified","MERGE","consolidate into canonical section pages"
"docs/reference/store/integrity-model.md","Integrity Model","unspecified","unspecified","MERGE","consolidate into canonical section pages"
"docs/reference/store/logging-and-tracing.md","Bijux Logging And Tracing Standard","unspecified","unspecified","MERGE","consolidate into canonical section pages"
"docs/reference/store/metrics-conventions.md","Bijux Metrics Naming Conventions","unspecified","unspecified","MERGE","consolidate into canonical section pages"
"docs/reference/store/no-implicit-default-dataset.md","No Implicit Default Dataset","unspecified","unspecified","MERGE","consolidate into canonical section pages"
"docs/release/INDEX.md","Release Index","unspecified","unspecified","MERGE","replace uppercase index with lowercase index.md where retained"
"docs/root/ARCHITECTURE_OVERVIEW.md","Architecture Overview","unspecified","unspecified","DELETE","legacy mirror or superseded entrypoint group"
"docs/root/BUILD_OUTPUTS_REFERENCE.md","Build Outputs Reference","unspecified","unspecified","DELETE","legacy mirror or superseded entrypoint group"
"docs/root/CI_WORKFLOW_EXPLANATION.md","CI Workflow Explanation","unspecified","unspecified","DELETE","legacy mirror or superseded entrypoint group"
"docs/root/COMMANDS_REFERENCE.md","Commands Reference","unspecified","unspecified","DELETE","legacy mirror or superseded entrypoint group"
"docs/root/COMMAND_INDEX.md","Command Index","unspecified","unspecified","DELETE","legacy mirror or superseded entrypoint group"
"docs/root/COMPATIBILITY_POLICY.md","Compatibility Policy","unspecified","unspecified","DELETE","legacy mirror or superseded entrypoint group"
"docs/root/CONFIGS_OVERVIEW.md","Configs Overview","unspecified","unspecified","DELETE","legacy mirror or superseded entrypoint group"
"docs/root/CONTRIBUTION_MODEL.md","Contribution Model","unspecified","unspecified","DELETE","legacy mirror or superseded entrypoint group"
"docs/root/CONTROL_PLANE_OVERVIEW.md","Control Plane Overview","unspecified","unspecified","DELETE","legacy mirror or superseded entrypoint group"
"docs/root/CRATE_INDEX.md","Crate Index","unspecified","unspecified","DELETE","legacy mirror or superseded entrypoint group"
"docs/root/DEVELOPER_WORKFLOW_QUICKSTART.md","Developer Workflow Quickstart","unspecified","unspecified","DELETE","legacy mirror or superseded entrypoint group"
"docs/root/DIAGRAM_ALT_TEXT_POLICY.md","Diagram Alt Text Policy","unspecified","unspecified","DELETE","legacy mirror or superseded entrypoint group"
"docs/root/DOCKER_OVERVIEW.md","Docker Overview","unspecified","unspecified","DELETE","legacy mirror or superseded entrypoint group"
"docs/root/DOCS_PHILOSOPHY.md","Documentation Philosophy","unspecified","unspecified","DELETE","legacy mirror or superseded entrypoint group"
"docs/root/FAQ.md","FAQ","unspecified","unspecified","DELETE","legacy mirror or superseded entrypoint group"
"docs/root/GLOSSARY.md","Glossary","unspecified","unspecified","DELETE","legacy mirror or superseded entrypoint group"
"docs/root/GLOSSARY_CROSSLINKS.md","Glossary Crosslinks","unspecified","unspecified","DELETE","legacy mirror or superseded entrypoint group"
"docs/root/INDEX.md","Root Documentation Map","unspecified","unspecified","DELETE","legacy mirror or superseded entrypoint group"
"docs/root/LICENSE_EXPLANATION.md","License Explanation","unspecified","unspecified","DELETE","legacy mirror or superseded entrypoint group"
"docs/root/MAKEFILES_OVERVIEW.md","Makefiles Overview","unspecified","unspecified","DELETE","legacy mirror or superseded entrypoint group"
"docs/root/NAVIGATION_POLICY.md","Navigation Policy","unspecified","unspecified","DELETE","legacy mirror or superseded entrypoint group"
"docs/root/OBSERVABILITY_OVERVIEW.md","Observability Overview","unspecified","unspecified","DELETE","legacy mirror or superseded entrypoint group"
"docs/root/OPS_OVERVIEW.md","Ops Overview","unspecified","unspecified","DELETE","legacy mirror or superseded entrypoint group"
"docs/root/PERFORMANCE_PHILOSOPHY.md","Performance Philosophy","unspecified","unspecified","DELETE","legacy mirror or superseded entrypoint group"
"docs/root/PERSONA_DEVELOPER.md","Developer Entrypoint","unspecified","unspecified","DELETE","legacy mirror or superseded entrypoint group"
"docs/root/PERSONA_OPERATOR.md","Operator Entrypoint","unspecified","unspecified","DELETE","legacy mirror or superseded entrypoint group"
"docs/root/RELEASE_PROCESS_OVERVIEW.md","Release Process Overview","unspecified","unspecified","DELETE","legacy mirror or superseded entrypoint group"
"docs/root/REPOSITORY_STRUCTURE.md","Repository Structure","unspecified","unspecified","DELETE","legacy mirror or superseded entrypoint group"
"docs/root/REPRODUCIBILITY_GUARANTEES.md","Reproducibility Guarantees","unspecified","unspecified","DELETE","legacy mirror or superseded entrypoint group"
"docs/root/SCHEMA_INDEX.md","Schema Index","unspecified","unspecified","DELETE","legacy mirror or superseded entrypoint group"
"docs/root/SECURITY_MODEL.md","Security Model","unspecified","unspecified","DELETE","legacy mirror or superseded entrypoint group"
"docs/root/STABILITY_GUARANTEES.md","Stability Guarantees","unspecified","unspecified","DELETE","legacy mirror or superseded entrypoint group"
"docs/root/START_HERE.md","Start Here","unspecified","unspecified","DELETE","legacy mirror or superseded entrypoint group"
"docs/root/TERMINOLOGY_RULES.md","Terminology Consistency Rules","unspecified","unspecified","DELETE","legacy mirror or superseded entrypoint group"
"docs/science/INDEX.md","Science Index","unspecified","unspecified","MERGE","replace uppercase index with lowercase index.md where retained"
"docs/security/INDEX.md","Security Index","unspecified","unspecified","MERGE","replace uppercase index with lowercase index.md where retained"
"docs/start-here.md","Start Here","guide  ","user, operator, contributor  ","KEEP","reader spine or root governance control"
"docs/start/INDEX.md","Start Index","unspecified","unspecified","DELETE","legacy mirror or superseded entrypoint group"
"docs/style.md","Documentation Style Guide","policy  ","unspecified","KEEP","reader spine or root governance control"
"docs/taxonomy-map.md","Docs Taxonomy Map","unspecified","unspecified","DELETE","redundant root narrative or metadata duplication"
